Canal,Presupuesto 2023 (€),Presupuesto Óptimo 2024 (€),Variación (€),Variación (%),mROI ss,Peso% 12M€,Activo
Paid Search,3126606.42,1800000.0,-1326606.42,-42.43,7.406023,15.0,True
Social Paid,2375151.31,2040000.0,-335151.31,-14.111,9.004715,17.0,True
Video Online,2072351.61,3360000.0,1287648.39,62.135,15.147229,28.0,True
Display,1106103.51,2640000.0,1533896.49,138.676,13.87957,22.0,True
Email CRM,688953.82,840000.0,151046.18,21.924,6.841353,7.0,True
Radio Local,1529936.82,60000.0,-1469936.82,-96.078,7.352793,0.5,True
Exterior,1650854.77,1200000.0,-450854.77,-27.31,13.940623,10.0,True
Prensa,1250041.87,60000.0,-1190041.87,-95.2,0.0,0.5,False
TOTAL,13800000.13,12000000.0,-1800000.13,-13.043,,100.0,
